actual,predicted,error,abs_error,pct_error,abs_pct_error,year,month,season,error_quartile,top_feature
137.0282204387914,137.6295481286397,0.60132768984829,0.60132768984829,0.4388349260632007,0.4388349260632007,2020,2,Winter,Q1,-0.22320225463480511
99.19411264649774,81.67084681924477,-17.52326582725297,17.52326582725297,-17.665630912694763,17.665630912694763,2021,7,Summer,Q4,-0.17585440443207118
45.562331178949236,58.505911260206716,12.94358008125748,12.94358008125748,28.40851147501796,28.40851147501796,2019,5,Spring,Q3,-0.375196380323937
-0.23342841418156013,34.30702642898919,34.54045484317075,34.54045484317075,-14797.022446592666,14797.022446592666,2024,1,Winter,Q4,0.49822174849678513
217.10930178822736,223.78348819009742,6.67418640187006,6.67418640187006,3.074113521114904,3.074113521114904,2022,5,Spring,Q2,-0.23401985910698136
142.2692866265977,155.3915923277395,13.122305701141784,13.122305701141784,9.223568917993385,9.223568917993385,2022,12,Winter,Q3,-0.835142901630023
25.83964796833365,59.985250597213685,34.145602628880035,34.145602628880035,132.1442253033992,132.1442253033992,2019,12,Winter,Q4,-0.19003903500149447
141.00282009801577,136.7294717094328,-4.273348388582974,4.273348388582974,-3.030682922236893,3.030682922236893,2020,3,Spring,Q1,-1.423957152450145
91.73625971539965,88.62985178190539,-3.1064079334942676,3.1064079334942676,-3.3862378334712053,3.3862378334712053,2022,7,Summer,Q1,2.0243096232868525
11.536681315963984,-5.598215502111293,-17.134896818075276,17.134896818075276,-148.52535446536703,148.52535446536703,2023,6,Summer,Q4,-0.6414869090443096
21.375264178054902,38.18759966086071,16.81233548280581,16.81233548280581,78.65322899759218,78.65322899759218,2022,8,Summer,Q3,-0.9564363768180087
83.72146194755345,107.70850924425864,23.987047296705185,23.987047296705185,28.65101341843702,28.65101341843702,2023,5,Spring,Q4,-1.2504077339697175
215.21354033225023,221.314386577949,6.1008462456987615,6.1008462456987615,2.83478736341597,2.83478736341597,2019,2,Winter,Q2,-0.4367197360405955
77.59743578932655,78.92257567446298,1.325139885136423,1.325139885136423,1.707710920672838,1.707710920672838,2019,9,Fall,Q1,0.7441919714999368
70.93846523663522,57.118221191837776,-13.820244044797448,13.820244044797448,-19.482017264816957,19.482017264816957,2022,11,Fall,Q3,-1.8665399513606162
115.91507308008944,94.75655300501207,-21.158520075077377,21.158520075077377,-18.25346739889322,18.25346739889322,2021,8,Summer,Q4,-1.2111719292807812
75.6314811825265,57.41429417391629,-18.21718700861021,18.21718700861021,-24.086778050327293,24.086778050327293,2023,6,Summer,Q4,0.10589445311523424
75.05939038221969,70.91123537882969,-4.148155003390002,4.148155003390002,-5.526497060882911,5.526497060882911,2020,10,Fall,Q1,-0.8987840483231282
103.0320720667495,91.03958326418729,-11.992488802562221,11.992488802562221,-11.639568691574858,11.639568691574858,2022,7,Summer,Q3,-1.4511756900515589
32.48467196844223,42.092073489979995,9.607401521537767,9.607401521537767,29.575184046405134,29.575184046405134,2020,9,Fall,Q2,-2.6042138566271342
166.3458206101948,163.81989272306612,-2.525927887128688,2.525927887128688,-1.518479922046134,1.518479922046134,2022,7,Summer,Q1,0.6802161054504494
2.397806975598119,20.267159064915212,17.869352089317093,17.869352089317093,745.2373052196867,745.2373052196867,2021,3,Spring,Q4,0.34767648353833636
29.385574219144242,28.445293265841144,-0.9402809533030982,0.9402809533030982,-3.1998045921815605,3.1998045921815605,2021,6,Summer,Q1,0.6793732829565033
94.32398766940396,92.99428720843378,-1.3297004609701872,1.3297004609701872,-1.4097161218741652,1.4097161218741652,2021,11,Fall,Q1,1.1941094030473725
158.1640296114344,132.33210052615985,-25.83192908527454,25.83192908527454,-16.33236656193984,16.33236656193984,2024,11,Fall,Q4,-0.5975101946916416
84.56163258469617,87.99637550704986,3.434742922353692,3.434742922353692,4.061821913044884,4.061821913044884,2021,7,Summer,Q1,-0.8304444065565653
82.38915659464459,81.0385140298453,-1.350642564799287,1.350642564799287,-1.6393450553747757,1.6393450553747757,2019,2,Winter,Q1,1.0519476177229186
73.10601853271436,69.55159729703372,-3.5544212356806355,3.5544212356806355,-4.862009047982911,4.862009047982911,2019,3,Spring,Q1,0.6067230591361827
54.177307088390094,60.999611826716894,6.8223047383268,6.8223047383268,12.592550469878896,12.592550469878896,2024,4,Spring,Q2,0.23007075919140207
157.5954375521044,169.63282855027913,12.037390998174715,12.037390998174715,7.638159571843503,7.638159571843503,2023,10,Fall,Q3,-0.5583017539460305
125.56851435398599,106.08634448128021,-19.482169872705782,19.482169872705782,-15.515171118282286,15.515171118282286,2020,6,Summer,Q4,-0.005596018829046555
54.32970599728875,69.04346764169321,14.713761644404464,14.713761644404464,27.082350942850187,27.082350942850187,2022,1,Winter,Q3,-0.29396694766418224
12.017624793775703,31.9363958690848,19.9187710753091,19.9187710753091,165.74632189902985,165.74632189902985,2022,9,Fall,Q4,0.5006657213812097
139.83134950911173,129.62736881967953,-10.2039806894322,10.2039806894322,-7.297348359473056,7.297348359473056,2024,5,Spring,Q3,0.49201884799279927
187.43886778173894,170.0716451513788,-17.367222630360146,17.367222630360146,-9.265539658819968,9.265539658819968,2019,12,Winter,Q4,0.6934789119139937
159.82238691691134,166.59353178092093,6.771144864009585,6.771144864009585,4.236668588568744,4.236668588568744,2022,7,Summer,Q2,1.2119439853864005
20.009065976390904,26.5498682911391,6.540802314748195,6.540802314748195,32.689193600869814,32.689193600869814,2019,9,Fall,Q2,-1.0293715081820716
84.11438041115723,79.87622751955533,-4.238152891601899,4.238152891601899,-5.038559246213905,5.038559246213905,2023,9,Fall,Q1,-0.5358014630522978
47.590262469142274,58.208052620290026,10.617790151147751,10.617790151147751,22.31084595936484,22.31084595936484,2020,1,Winter,Q3,0.1600182258527877
62.854523447069255,74.58021125624879,11.725687809179533,11.725687809179533,18.655280743722308,18.655280743722308,2023,1,Winter,Q3,-0.413465161123276
156.73451741463603,143.54062859484054,-13.19388881979549,13.19388881979549,-8.417985417271863,8.417985417271863,2024,3,Spring,Q3,0.03279699541158651
219.60031292008324,210.49334640832896,-9.10696651175428,9.10696651175428,-4.147064451164274,4.147064451164274,2021,6,Summer,Q2,-1.8461878622380938
129.07128081302756,109.40389751825599,-19.667383294771568,19.667383294771568,-15.237613798271443,15.237613798271443,2021,2,Winter,Q4,-0.9218598131253132
41.543215410193085,60.33205059567552,18.788835185482434,18.788835185482434,45.227204971891474,45.227204971891474,2021,10,Fall,Q4,-0.5466800845872654
59.09021846014979,66.62715576380904,7.536937303659251,7.536937303659251,12.754966050332223,12.754966050332223,2023,12,Winter,Q2,0.8113965544915921
236.6001284866261,232.3824350525843,-4.2176934340417915,4.2176934340417915,-1.7826251663596193,1.7826251663596193,2022,11,Fall,Q1,1.0176614668435024
79.28024081485142,93.16455356146692,13.884312746615493,13.884312746615493,17.512954809308006,17.512954809308006,2020,1,Winter,Q3,1.0473177066214483
73.2458227424677,63.62051118514795,-9.625311557319748,9.625311557319748,-13.14110647806134,13.14110647806134,2021,1,Winter,Q2,0.5720574417141441
84.26537866538845,65.89597235699347,-18.369406308394986,18.369406308394986,-21.799470434160785,21.799470434160785,2024,5,Spring,Q4,-0.02355215087423812
96.19572582930331,104.94609541271353,8.750369583410219,8.750369583410219,9.096422432465982,9.096422432465982,2024,4,Spring,Q2,-0.43676423723821745
43.60685852234692,43.02797941894142,-0.5788791034054981,0.5788791034054981,-1.3274955431812263,1.3274955431812263,2021,1,Winter,Q1,-0.5029747705513431
58.694547247577816,36.86026689636107,-21.834280351216748,21.834280351216748,-37.19984457690454,37.19984457690454,2021,4,Spring,Q4,-0.9161919154812425
194.1278429146298,167.13876928934482,-26.989073625284988,26.989073625284988,-13.90273194203975,13.90273194203975,2020,3,Spring,Q4,-0.580053241370043
112.79208085510076,101.6050620891947,-11.18701876590606,11.18701876590606,-9.918266141643004,9.918266141643004,2021,2,Winter,Q3,0.4822489526806572
99.93750659551596,91.03606899761182,-8.901437597904135,8.901437597904135,-8.907003887871191,8.907003887871191,2020,9,Fall,Q2,0.6833289928110694
153.66565288155869,166.47170090183238,12.806048020273693,12.806048020273693,8.333708789266165,8.333708789266165,2024,11,Fall,Q3,0.30381859560487573
45.86437632281431,40.476235315946695,-5.388141006867613,5.388141006867613,-11.747987084667695,11.747987084667695,2021,1,Winter,Q2,-0.6058608207588934
70.96367440318403,62.61136179155906,-8.352312611624967,8.352312611624967,-11.769842362122967,11.769842362122967,2023,7,Summer,Q2,-0.3871306497895146
80.43856045439897,83.59411283281466,3.155552378415692,3.155552378415692,3.922934921497744,3.922934921497744,2023,4,Spring,Q1,-0.493122822399772
99.74532178486393,108.66696560319888,8.921643818334942,8.921643818334942,8.94442331599032,8.94442331599032,2024,5,Spring,Q2,0.7903718960517113
12.873503615989478,32.0929687181423,19.219465102152824,19.219465102152824,149.29475048487478,149.29475048487478,2020,10,Fall,Q4,-1.085150526557798
15.947188835098817,42.0131351608682,26.065946325769385,26.065946325769385,163.45166910170263,163.45166910170263,2023,5,Spring,Q4,0.4818660617184915
40.06673705130025,69.28498975111769,29.21825269981744,29.21825269981744,72.92396349222864,72.92396349222864,2020,1,Winter,Q4,0.08589300629333041
108.62322191218917,99.93158331918025,-8.691638593008918,8.691638593008918,-8.00163946530257,8.00163946530257,2023,6,Summer,Q2,0.3674816654743044
101.52626873940757,99.31077886100591,-2.2154898784016552,2.2154898784016552,-2.1821838878844857,2.1821838878844857,2023,9,Fall,Q1,2.0565435648295414
77.84884457415859,85.10601154727505,7.257166973116455,7.257166973116455,9.32212547638173,9.32212547638173,2020,2,Winter,Q2,-0.4173668136050844
15.606498621996696,20.57834308786628,4.971844465869584,4.971844465869584,31.857526702767142,31.857526702767142,2022,7,Summer,Q2,-0.7095798547491726
96.00914973979877,92.8520916168415,-3.1570581229572667,3.1570581229572667,-3.288288805299739,3.288288805299739,2023,6,Summer,Q1,-1.3776175007542373
97.91894357105438,100.3873896361833,2.4684460651289157,2.4684460651289157,2.5209075742710607,2.5209075742710607,2021,5,Spring,Q1,1.8709651753717822
342.5674639545304,362.67576165458786,20.10829770005745,20.10829770005745,5.869879605007222,5.869879605007222,2024,4,Spring,Q4,0.32782117284308526
73.74840564831176,60.053402344197266,-13.695003304114493,13.695003304114493,-18.569897455712656,18.569897455712656,2022,4,Spring,Q3,-0.8953463223630241
107.76896568016733,103.20707312012019,-4.561892560047141,4.561892560047141,-4.233029918451434,4.233029918451434,2020,6,Summer,Q1,0.03823799496002834
191.33179016429173,187.34331296708402,-3.9884771972077147,3.9884771972077147,-2.08458677660566,2.08458677660566,2022,4,Spring,Q1,1.4641772387524374
142.19447756478505,129.63103701440946,-12.563440550375589,12.563440550375589,-8.835392742064526,8.835392742064526,2019,5,Spring,Q3,-0.053120653017545344
215.03691822416124,227.24159856505636,12.204680340895123,12.204680340895123,5.675620931366112,5.675620931366112,2019,6,Summer,Q3,-0.8000385643976464
48.83046792387537,30.624496357987738,-18.20597156588763,18.20597156588763,-37.2840407637911,37.2840407637911,2023,5,Spring,Q4,0.8484308822052846
30.18678024456942,32.28742302370299,2.1006427791335724,2.1006427791335724,6.958816946075183,6.958816946075183,2023,7,Summer,Q1,-1.876552706041874
58.083616122962056,44.75463291799893,-13.328983204963123,13.328983204963123,-22.947922485999985,22.947922485999985,2021,9,Fall,Q3,-0.6047446645382127
22.291384433801127,11.274648931486306,-11.016735502314821,11.016735502314821,-49.42149526437577,49.42149526437577,2024,10,Fall,Q3,-0.20149153394751798
72.99789939837059,88.57992681840894,15.582027420038344,15.582027420038344,21.34585727597821,21.34585727597821,2022,7,Summer,Q3,0.4572804046152411
42.20836557493436,34.664859501222324,-7.543506073712038,7.543506073712038,-17.872063916617954,17.872063916617954,2019,7,Summer,Q2,0.4097627959594974
243.15958494963104,238.26546488693077,-4.894120062700267,4.894120062700267,-2.01271936852255,2.01271936852255,2023,4,Spring,Q2,0.2965755451407618
39.3349606016533,38.88028573923817,-0.454674862415132,0.454674862415132,-1.1559052188195693,1.1559052188195693,2024,1,Winter,Q1,0.19063559126502433
67.86460274906618,69.2801789995969,1.4155762505307194,1.4155762505307194,2.0858830571290685,2.0858830571290685,2022,8,Summer,Q1,-0.8476339286190848
146.07046039769708,147.35885914346395,1.2883987457668695,1.2883987457668695,0.882039217415366,0.882039217415366,2023,4,Spring,Q1,0.015618333949603047
41.34393780700532,29.153596422345384,-12.190341384659934,12.190341384659934,-29.485196696949373,29.485196696949373,2023,1,Winter,Q3,-0.6578345538521371
23.04725159640838,14.37859388953573,-8.668657706872649,8.668657706872649,-37.61254425765694,37.61254425765694,2019,5,Spring,Q2,-1.1755946056248516
103.3629253553618,102.90574260137683,-0.45718275398496644,0.45718275398496644,-0.4423082574464411,0.4423082574464411,2019,8,Summer,Q1,0.8481742126666681
86.1058828933178,108.48492509038842,22.379042197070618,22.379042197070618,25.99014311809273,25.99014311809273,2023,4,Spring,Q4,0.26044226333355597
156.68867346066725,149.27202224941297,-7.416651211254276,7.416651211254276,-4.733367797076947,4.733367797076947,2020,12,Winter,Q2,0.0953441994413082
138.69820856054915,127.84400427288244,-10.854204287666704,10.854204287666704,-7.825771075426879,7.825771075426879,2023,8,Summer,Q3,0.3350580290841175
129.07364703478848,94.56749575308393,-34.50615128170455,34.50615128170455,-26.7336920234417,26.7336920234417,2024,8,Summer,Q4,-1.0166831285764972
66.05802442337668,49.92652847680111,-16.13149594657557,16.13149594657557,-24.4201913202644,24.4201913202644,2023,3,Spring,Q3,1.0817667276728287
83.24661743799055,111.73426325672256,28.487645818732005,28.487645818732005,34.22078481441258,34.22078481441258,2021,9,Fall,Q4,2.012270445700765
109.80919966350974,108.6327586782301,-1.1764409852796405,1.1764409852796405,-1.0713501135466148,1.0713501135466148,2021,3,Spring,Q1,-0.35141423571373254
62.06766504238537,34.89703961241065,-27.17062542997472,27.17062542997472,-43.775813721073895,43.775813721073895,2021,1,Winter,Q4,0.3676492929914216
279.9593437459551,270.60611089243054,-9.35323285352456,9.35323285352456,-3.340925410230998,3.340925410230998,2020,2,Winter,Q2,1.9541574337502863
126.49324032740068,121.56345792180255,-4.929782405598132,4.929782405598132,-3.897269445259245,3.897269445259245,2020,6,Summer,Q2,1.0114630354083562
40.85252198826527,27.349092104536737,-13.503429883728536,13.503429883728536,-33.05409122013898,33.05409122013898,2023,12,Winter,Q3,0.5628808601743548
122.2455103680175,131.58118329287956,9.335672924862052,9.335672924862052,7.636822732186407,7.636822732186407,2021,10,Fall,Q2,1.5541604207147741
166.28012828524155,159.1087783358297,-7.171349949411848,7.171349949411848,-4.312812374735431,4.312812374735431,2020,2,Winter,Q2,-2.529560077694303
101.7535727735151,105.51059335839376,3.75702058487866,3.75702058487866,3.692273875474724,3.692273875474724,2019,6,Summer,Q1,1.75547569831549
68.0387493058897,68.33310159304682,0.2943522871571247,0.2943522871571247,0.43262448260736097,0.43262448260736097,2023,1,Winter,Q1,0.19502498402812674
40.047038562774205,27.620220827347605,-12.4268177354266,12.4268177354266,-31.03055352257175,31.03055352257175,2024,11,Fall,Q3,0.8953554307625996
70.20117390558373,84.10187044296646,13.900696537382728,13.900696537382728,19.801230896905388,19.801230896905388,2022,1,Winter,Q3,-0.5164296438875717
120.3249840402106,101.00524693318152,-19.31973710702907,19.31973710702907,-16.056297252923578,16.056297252923578,2023,5,Spring,Q4,-0.4911537471421047
87.79076543511287,94.13294485139602,6.342179416283145,6.342179416283145,7.224198792264455,7.224198792264455,2022,10,Fall,Q2,0.8745170741325226
217.9173149486731,214.00737245141698,-3.909942497256111,3.909942497256111,-1.794232137164977,1.794232137164977,2021,11,Fall,Q1,-0.7699960661974573
109.33413192438377,130.3417513285079,21.007619404124142,21.007619404124142,19.214145696655052,19.214145696655052,2022,9,Fall,Q4,-0.41299782214343406
48.41321329499827,37.61565393192741,-10.79755936307086,10.79755936307086,-22.302918208047124,22.302918208047124,2021,8,Summer,Q3,-0.3596296724524624
46.37534487965713,24.677785840458462,-21.697559039198666,21.697559039198666,-46.78684136043256,46.78684136043256,2019,3,Spring,Q4,-0.09546424708907303
135.52072713531896,143.24035037359118,7.71962323827222,7.71962323827222,5.696267575781297,5.696267575781297,2022,3,Spring,Q2,-0.11676591579524663
48.11311372075069,64.76646451839468,16.653350797643995,16.653350797643995,34.61291425514532,34.61291425514532,2023,1,Winter,Q3,0.48206672733538614
152.84556850526522,148.6758225341246,-4.169745971140628,4.169745971140628,-2.728077766282762,2.728077766282762,2021,3,Spring,Q1,-0.04889718347410554
128.65115164356678,106.82899196869064,-21.822159674876133,21.822159674876133,-16.96227308973907,16.96227308973907,2023,12,Winter,Q4,0.9514492770580866
60.69355940003105,82.44140788224463,21.747848482213584,21.747848482213584,35.83221794403848,35.83221794403848,2020,12,Winter,Q4,-0.24338397937501807
27.947132973896075,44.5417556923212,16.59462271842513,16.59462271842513,59.37862296617431,59.37862296617431,2021,12,Winter,Q3,0.29562448874709507
11.755373088672066,18.5682164633448,6.812843374672735,6.812843374672735,57.95514377368299,57.95514377368299,2022,11,Fall,Q2,-0.5888668267386961
79.91583252053331,92.22098988849375,12.305157367960433,12.305157367960433,15.397646473618085,15.397646473618085,2021,1,Winter,Q3,-1.10486279306252
11.121575655677042,23.379357654811972,12.25778199913493,12.25778199913493,110.21623534861187,110.21623534861187,2023,8,Summer,Q3,1.1797252083607102
2.8655020355969967,34.277311450553654,31.411809414956657,31.411809414956657,1096.2061455458831,1096.2061455458831,2019,1,Winter,Q4,0.4086073077017676
126.51143102877498,117.67557681768696,-8.83585421108802,8.83585421108802,-6.984233866644278,6.984233866644278,2021,5,Spring,Q2,-0.6373077470287948
92.00222042456093,86.9214128815164,-5.0808075430445285,5.0808075430445285,-5.5224836091979315,5.5224836091979315,2022,9,Fall,Q2,-0.936506374789596
8.952247613258923,34.4349856103136,25.48273799705468,25.48273799705468,284.6518449658711,284.6518449658711,2020,7,Summer,Q4,-0.6068651778571754
214.29051547977502,192.43257908043134,-21.857936399343686,21.857936399343686,-10.200141779679774,10.200141779679774,2024,4,Spring,Q4,-0.38502181171286365
187.99611956663594,162.77973484267864,-25.216384723957304,25.216384723957304,-13.413247455365301,13.413247455365301,2019,11,Fall,Q4,0.5082686396745896
110.30872950377089,121.5723127504726,11.263583246701714,11.263583246701714,10.210962720150512,10.210962720150512,2020,9,Fall,Q3,-0.04551224530124217
135.89859025274023,118.40036138808514,-17.49822886465509,17.49822886465509,-12.87594582998425,12.87594582998425,2021,9,Fall,Q4,-0.41619440488525394
111.74038792683875,120.33535500170294,8.594967074864186,8.594967074864186,7.6919073168885745,7.6919073168885745,2023,2,Winter,Q2,-0.7309562757154733
162.25462532484423,159.5378776716783,-2.7167476531659247,2.7167476531659247,-1.6743730095378302,1.6743730095378302,2023,10,Fall,Q1,0.09806753953894455
112.99356515979663,125.52999718511026,12.53643202531363,12.53643202531363,11.09481943293362,11.09481943293362,2022,10,Fall,Q3,0.09175248444837286
77.90776623927728,44.69399338734314,-33.21377285193414,33.21377285193414,-42.63217193254526,42.63217193254526,2023,11,Fall,Q4,0.8691545924968965
53.89583785110652,58.33609626105499,4.44025840994847,4.44025840994847,8.238592416385096,8.238592416385096,2019,12,Winter,Q1,-0.6039806259692295
351.61217262666645,349.71543728431453,-1.896735342351917,1.896735342351917,-0.5394396127365665,0.5394396127365665,2023,6,Summer,Q1,0.6404797952008238
7.488253208152141,17.807314020109548,10.319060811957407,10.319060811957407,137.8033103998605,137.8033103998605,2022,4,Spring,Q3,-0.18689615816198485
79.41659126837862,51.496857309832706,-27.91973395854592,27.91973395854592,-35.15604675626861,35.15604675626861,2024,8,Summer,Q4,-0.9489165208248372
199.09001427901737,170.7907945876762,-28.299219691341165,28.299219691341165,-14.214283822231707,14.214283822231707,2021,12,Winter,Q4,-0.8245141615276735
72.38238465421847,47.91844693527436,-24.46393771894411,24.46393771894411,-33.79819252406786,33.79819252406786,2021,11,Fall,Q4,0.35250496835687956
141.71011648661366,127.36351126139934,-14.346605225214319,14.346605225214319,-10.12391040308653,10.12391040308653,2023,7,Summer,Q3,-1.3683150388328105
95.05768995718068,104.42953316119147,9.371843204010787,9.371843204010787,9.85911103902524,9.85911103902524,2020,7,Summer,Q2,0.543479378670093
63.94925457783607,51.5315031383998,-12.417751439436273,12.417751439436273,-19.41813320798284,19.41813320798284,2021,11,Fall,Q3,-1.6548874362282961
12.877550386023673,12.983192369894706,0.10564198387103296,0.10564198387103296,0.8203577598553903,0.8203577598553903,2024,10,Fall,Q1,1.5163940552535728
122.45820612648573,102.77207680034626,-19.68612932613948,19.68612932613948,-16.07579430471641,16.07579430471641,2023,9,Fall,Q4,0.2577525401427507
52.87436413392193,36.13583333344151,-16.73853080048042,16.73853080048042,-31.65717654416518,31.65717654416518,2022,5,Spring,Q3,-0.41360553342164424
77.29548491044925,87.03446858158811,9.738983671138868,9.738983671138868,12.599679893879928,12.599679893879928,2024,6,Summer,Q2,1.0826910538870733
135.72776920100168,121.51038215844343,-14.217387042558244,14.217387042558244,-10.474928694586781,10.474928694586781,2023,1,Winter,Q3,-0.5835993263460049
172.3725863780011,162.1420696273422,-10.230516750658893,10.230516750658893,-5.935118202742564,5.935118202742564,2024,6,Summer,Q3,1.2002617497388293
12.698643579316162,54.302086523017884,41.60344294370172,41.60344294370172,327.62115641599985,327.62115641599985,2021,2,Winter,Q4,0.19042388992505774
73.06191262796217,61.047863033520244,-12.014049594441929,12.014049594441929,-16.44365602036529,16.44365602036529,2022,6,Summer,Q3,0.4535087125544674
23.101803337059643,29.578740166662733,6.4769368296030905,6.4769368296030905,28.036498861596936,28.036498861596936,2023,9,Fall,Q2,-0.9627325652846123
166.2658870466166,179.5565238615917,13.290636814975102,13.290636814975102,7.993604130743161,7.993604130743161,2019,8,Summer,Q3,0.714609790636618
292.742173542802,305.39108260720815,12.648909064406155,12.648909064406155,4.320835946296187,4.320835946296187,2022,9,Fall,Q3,-1.371673697230466
169.34066968641037,171.36931312089084,2.028643434480472,2.028643434480472,1.197965874492624,1.197965874492624,2019,10,Fall,Q1,-0.5555467794868666
191.66518386473373,184.46429016343347,-7.200893701300259,7.200893701300259,-3.7570170836985377,3.7570170836985377,2024,8,Summer,Q2,-0.09338685889994829
19.71679206777089,40.198722400653594,20.481930332882705,20.481930332882705,103.88064276623636,103.88064276623636,2020,3,Spring,Q4,0.22526411724754952
124.42466627444968,121.57694873126272,-2.8477175431869597,2.8477175431869597,-2.288708202685155,2.288708202685155,2022,8,Summer,Q1,-0.7330329955239894
163.94809031632997,155.29671932343388,-8.65137099289609,8.65137099289609,-5.27689647144025,5.27689647144025,2024,6,Summer,Q2,1.2005316584738726
90.73412014381776,62.807033388773284,-27.927086755044478,27.927086755044478,-30.779035175277787,30.779035175277787,2019,6,Summer,Q4,-0.05658848889989584
222.24096570868895,238.3913182470659,16.15035253837695,16.15035253837695,7.267045698292482,7.267045698292482,2021,6,Summer,Q3,-0.09445871444200275
6.334354801926134,11.578537603593189,5.244182801667055,5.244182801667055,82.78953367235472,82.78953367235472,2021,3,Spring,Q2,-0.12951724686344077
226.74105298900884,222.81610839856165,-3.9249445904471827,3.9249445904471827,-1.7310251225822095,1.7310251225822095,2020,10,Fall,Q1,-0.7296024698074095
26.696974132707073,9.485834179832981,-17.211139952874092,17.211139952874092,-64.46850443544585,64.46850443544585,2022,1,Winter,Q4,-1.1617838439123638
35.7562986599289,40.31965687750611,4.5633582175772105,4.5633582175772105,12.76238981271079,12.76238981271079,2022,12,Winter,Q2,-0.1942691319785193
129.8195880747414,111.83996749487564,-17.979620579865767,17.979620579865767,-13.849697758642025,13.849697758642025,2022,4,Spring,Q4,0.4912076654119963
60.97624687025434,90.03668161740124,29.0604347471469,29.0604347471469,47.658615016076475,47.658615016076475,2024,10,Fall,Q4,0.07268052432934134
52.96406978366893,71.76429268049722,18.800222896828288,18.800222896828288,35.49618255095871,35.49618255095871,2020,12,Winter,Q4,0.041325632270618466
237.47952114369835,232.24985597868505,-5.2296651650133015,5.2296651650133015,-2.2021541646316702,2.2021541646316702,2022,6,Summer,Q2,0.8467707752164937
14.415057777070977,35.577425248389105,21.162367471318127,21.162367471318127,146.8073718371051,146.8073718371051,2024,11,Fall,Q4,-0.7076258948220261
65.02913761267374,82.64619551417448,17.617057901500743,17.617057901500743,27.09102188380751,27.09102188380751,2021,12,Winter,Q4,-2.9069882193216414
100.8097862781652,108.7264392418543,7.9166529636890886,7.9166529636890886,7.8530599617031305,7.8530599617031305,2019,10,Fall,Q2,1.3286408282482312
105.37462292863322,93.80303804989586,-11.571584878737355,11.571584878737355,-10.981377258710962,10.981377258710962,2024,2,Winter,Q3,-1.1543626682329844
5.196937326533924,33.63640994614326,28.439472619609337,28.439472619609337,547.2352432346328,547.2352432346328,2021,7,Summer,Q4,-0.9457460606967811
73.3573756560091,70.80290022357319,-2.5544754324359076,2.5544754324359076,-3.4822339397942415,3.4822339397942415,2021,7,Summer,Q1,-1.466785190615677
165.5255360658575,150.0310768585654,-15.494459207292095,15.494459207292095,-9.360766668127466,9.360766668127466,2019,11,Fall,Q3,-1.1036698285303692
170.81867994652055,173.74285807295493,2.9241781264343842,2.9241781264343842,1.71186086167501,1.71186086167501,2021,4,Spring,Q1,0.8929538701087693
82.9229653921349,88.455418836023,5.532453443888102,5.532453443888102,6.671798840918979,6.671798840918979,2020,4,Spring,Q2,-1.5350402475323597
40.7574818511695,34.730912612790895,-6.026569238378606,6.026569238378606,-14.786412125227208,14.786412125227208,2019,1,Winter,Q2,0.18517553682991406
57.27501122242257,60.15667701324417,2.8816657908216,2.8816657908216,5.0312793124228286,5.0312793124228286,2021,2,Winter,Q1,-0.772659445270824
104.64165218605443,83.78415546744323,-20.857496718611202,20.857496718611202,-19.93230829490943,19.93230829490943,2023,9,Fall,Q4,1.667224111551137
79.79593244202917,96.4671276240457,16.671195182016532,16.671195182016532,20.892286952255322,20.892286952255322,2024,10,Fall,Q3,-0.7353034606819523
110.55906125849559,111.33372358597187,0.7746623274762783,0.7746623274762783,0.7006773742995684,0.7006773742995684,2021,8,Summer,Q1,0.2837510236615011
87.80469168535853,84.71939606094827,-3.0852956244102643,3.0852956244102643,-3.5138163635562747,3.5138163635562747,2020,8,Summer,Q1,-0.41790954576589057
150.86896180498707,156.54577258268395,5.676810777696886,5.676810777696886,3.7627426541416256,3.7627426541416256,2022,9,Fall,Q2,1.0074439731951985
108.59440654427846,151.66364648864038,43.069239944361925,43.069239944361925,39.66064304315785,39.66064304315785,2021,7,Summer,Q4,-1.6685992588781953
189.92800772237024,192.34158134310815,2.413573620737907,2.413573620737907,1.270783414032321,1.270783414032321,2022,9,Fall,Q1,0.22899639245934025
101.43714754159433,87.93449273790733,-13.502654803686994,13.502654803686994,-13.311351049328577,13.311351049328577,2023,10,Fall,Q3,0.3676198402097109
114.8151801032873,103.14354231139704,-11.671637791890262,11.671637791890262,-10.165587670019331,10.165587670019331,2021,12,Winter,Q3,-0.23811043631205406
64.0285254628803,58.7068482303273,-5.321677232552993,5.321677232552993,-8.311416191581932,8.311416191581932,2019,2,Winter,Q2,-0.8783230771797389
23.91757023339672,40.38550560863507,16.46793537523835,16.46793537523835,68.85287767335056,68.85287767335056,2022,6,Summer,Q3,0.8814075289235711
308.86714894640846,302.9375070095312,-5.92964193687726,5.92964193687726,-1.9198033708356963,1.9198033708356963,2023,3,Spring,Q2,0.07959786237603639
184.69328417606965,193.29485149920322,8.601567323133565,8.601567323133565,4.657217159522498,4.657217159522498,2019,11,Fall,Q2,-1.5614932224418594
128.55012558868214,123.24788199945215,-5.302243589229988,5.302243589229988,-4.1246506488802765,4.1246506488802765,2019,6,Summer,Q2,1.4185313451480366
86.71987809418225,84.89730292315652,-1.8225751710257327,1.8225751710257327,-2.101680965287246,2.101680965287246,2019,3,Spring,Q1,1.676393027208203
11.596095660240273,26.241724729490848,14.645629069250575,14.645629069250575,126.29793249693763,126.29793249693763,2019,8,Summer,Q3,0.216624975404619
153.26009130926207,166.64692889961563,13.386837590353565,13.386837590353565,8.73471852717378,8.73471852717378,2021,11,Fall,Q3,1.7611881248673737
83.2648269072377,77.93949009091496,-5.325336816322746,5.325336816322746,-6.395661906864358,6.395661906864358,2024,4,Spring,Q2,-0.36146276669398575
108.7456716854863,112.06236811481382,3.3166964293275214,3.3166964293275214,3.049957187188153,3.049957187188153,2021,12,Winter,Q1,0.19613145902390733
47.45323239107756,60.0574538509345,12.604221459856937,12.604221459856937,26.561354885124448,26.561354885124448,2021,10,Fall,Q3,-0.002403840918853844
73.86697414534983,87.70942699125233,13.8424528459025,13.8424528459025,18.739704727398703,18.739704727398703,2023,6,Summer,Q3,1.5898389781806839
61.226344914036034,65.78380763382927,4.557462719793236,4.557462719793236,7.443630231711652,7.443630231711652,2023,9,Fall,Q1,0.5027844268951942
72.91675924716688,49.395187326393724,-23.521571920773155,23.521571920773155,-32.258114819724476,32.258114819724476,2024,2,Winter,Q4,-0.9647054257507148
75.77731192443049,83.66848240760987,7.89117048317938,7.89117048317938,10.41363210541027,10.41363210541027,2023,2,Winter,Q2,-0.5193963718261266
17.51902097583351,17.72931404969734,0.21029307386383067,0.21029307386383067,1.200370010138797,1.200370010138797,2020,7,Summer,Q1,0.0785770297191498
2.0715430189488266,0.5468787036061755,-1.5246643153426511,1.5246643153426511,-73.60041772708728,73.60041772708728,2024,2,Winter,Q1,-1.7938924978678903
30.60506494522895,47.570460817608094,16.965395872379144,16.965395872379144,55.433294792023936,55.433294792023936,2023,2,Winter,Q4,0.4004813865063287
41.26576604411026,67.70825330175069,26.44248725764043,26.44248725764043,64.07850814977053,64.07850814977053,2024,4,Spring,Q4,-1.6826586941226858
148.79690383703877,164.19651485807472,15.399611021035952,15.399611021035952,10.349416300961133,10.349416300961133,2021,9,Fall,Q3,2.1650560678066024
83.62521858891468,79.91905792182013,-3.706160667094551,3.706160667094551,-4.431869631711597,4.431869631711597,2021,8,Summer,Q1,-0.8162172445419648
69.53402120882646,68.22405534009532,-1.3099658687311404,1.3099658687311404,-1.883920771383285,1.883920771383285,2024,2,Winter,Q1,-0.07397286359437803
68.20695079515806,57.67085225789209,-10.536098537265971,10.536098537265971,-15.447250484644032,15.447250484644032,2020,8,Summer,Q3,2.271449745422796
112.60661911666142,111.15537069227467,-1.4512484243867476,1.4512484243867476,-1.2887771924696911,1.2887771924696911,2020,4,Spring,Q1,0.4359753895000459
47.35652866414853,48.99976803618658,1.6432393720380531,1.6432393720380531,3.4699320629936183,3.4699320629936183,2024,2,Winter,Q1,-0.6749340187905523
79.67302172504604,88.73320584892295,9.060184123876908,9.060184123876908,11.371708926948788,11.371708926948788,2023,11,Fall,Q2,0.8407344821295493
137.46043432962279,124.19133248168238,-13.269101847940405,13.269101847940405,-9.653033553001736,9.653033553001736,2022,10,Fall,Q3,0.4258436586298291
83.96861222834038,97.75631430915112,13.787702080810746,13.787702080810746,16.42006663551507,16.42006663551507,2020,7,Summer,Q3,0.4441983272906719
71.11937844520052,87.77537120464083,16.65599275944031,16.65599275944031,23.41976705023402,23.41976705023402,2019,6,Summer,Q3,2.2724347204468818
106.41870967757534,97.91287691675379,-8.505832760821548,8.505832760821548,-7.992798246278592,7.992798246278592,2021,10,Fall,Q2,0.1455211977682408
96.75907206142432,116.75643172122915,19.99735965980483,19.99735965980483,20.667167670965426,20.667167670965426,2024,5,Spring,Q4,-0.1115088271429437
353.92908669322804,317.7072217133486,-36.221864979879456,36.221864979879456,-10.234215367349888,10.234215367349888,2019,11,Fall,Q4,-0.12765468151819012
40.897934579199074,39.698033870811926,-1.1999007083871476,1.1999007083871476,-2.93389072268071,2.93389072268071,2024,1,Winter,Q1,0.018819049740598424
319.3767269394718,314.1581351945985,-5.218591744873265,5.218591744873265,-1.6339924937180197,1.6339924937180197,2021,2,Winter,Q2,0.17528677893392386
29.647034381471528,41.77333174932233,12.126297367850803,12.126297367850803,40.90222722387829,40.90222722387829,2021,8,Summer,Q3,-0.09139955750911445
-3.9287324130700547,0.8002402505531396,4.728972663623194,4.728972663623194,-120.36891715737399,120.36891715737399,2020,1,Winter,Q2,0.9778155496862003
46.08398399172512,52.48534074496043,6.401356753235312,6.401356753235312,13.89063227342659,13.89063227342659,2020,3,Spring,Q2,-0.3613105619672905
88.92038958141657,97.0479143964462,8.12752481502963,8.12752481502963,9.140226278010143,9.140226278010143,2019,2,Winter,Q2,-0.9245641143780999
280.17432319983385,270.67989692718646,-9.494426272647388,9.494426272647388,-3.388756744091608,3.388756744091608,2024,5,Spring,Q2,0.5114995753618614
35.49347078038683,42.237111353766046,6.743640573379217,6.743640573379217,18.99966507954374,18.99966507954374,2021,4,Spring,Q2,1.1806409124521446
128.665287854334,113.40276941807129,-15.26251843626271,15.26251843626271,-11.862188077907916,11.862188077907916,2019,7,Summer,Q3,0.32297450361766816
63.90265000960344,23.954914757806087,-39.947735251797354,39.947735251797354,-62.51342510176639,62.51342510176639,2022,5,Spring,Q4,1.7120402840178925
263.22979174902486,267.6629103512231,4.433118602198249,4.433118602198249,1.684124951337189,1.684124951337189,2019,8,Summer,Q1,1.2795186697601588
191.81407217239033,189.52933946874097,-2.284732703649354,2.284732703649354,-1.1911183980265958,1.1911183980265958,2023,4,Spring,Q1,-0.581782033392054
60.92522543727099,55.232994579788375,-5.692230857482613,5.692230857482613,-9.342978736030073,9.342978736030073,2019,12,Winter,Q2,1.4974316831796264
242.86587516149663,215.69330297259387,-27.172572188902762,27.172572188902762,-11.18830390265163,11.18830390265163,2023,6,Summer,Q4,0.678946987762233
53.90741347546833,55.14713025104116,1.2397167755728304,1.2397167755728304,2.29971481777175,2.29971481777175,2023,4,Spring,Q1,0.8794170411374032
208.43330531028596,220.8685591051614,12.43525379487545,12.43525379487545,5.966058915758979,5.966058915758979,2023,2,Winter,Q3,-1.1115802495135512
55.96582594985678,74.96093353424234,18.995107584385565,18.995107584385565,33.94054722144983,33.94054722144983,2022,1,Winter,Q4,-1.8400777445057528
89.56699365594699,90.4367528674305,0.8697592114835118,0.8697592114835118,0.971071123392297,0.971071123392297,2019,1,Winter,Q1,0.23278674294016363
41.41656157725467,48.142264863062906,6.725703285808237,6.725703285808237,16.23916382643867,16.23916382643867,2019,8,Summer,Q2,0.22907468820570256
166.94324800842116,136.79310866892115,-30.150139339500015,30.150139339500015,-18.06011306188265,18.06011306188265,2022,4,Spring,Q4,0.3207857259326839
120.65569186441927,94.10775555426477,-26.547936310154498,26.547936310154498,-22.003053399243193,22.003053399243193,2021,5,Spring,Q4,-0.8153756283161211
99.12356944875674,114.63916186761071,15.51559241885397,15.51559241885397,15.652778148667219,15.652778148667219,2020,11,Fall,Q3,0.07125374991089249
18.422158825514078,29.083560378751756,10.661401553237678,10.661401553237678,57.87270457397204,57.87270457397204,2019,8,Summer,Q3,1.0683793336940164
195.47347985200986,194.36692823370657,-1.1065516183032855,1.1065516183032855,-0.5660878494315646,0.5660878494315646,2020,12,Winter,Q1,-0.9733788380270346
255.34511368453272,234.38671734615127,-20.958396338381448,20.958396338381448,-8.207870530968764,8.207870530968764,2024,7,Summer,Q4,2.049812095785926
82.70892843516383,81.85373138959805,-0.8551970455657738,0.8551970455657738,-1.0339839503980148,1.0339839503980148,2024,8,Summer,Q1,-1.3495762115515322
289.66784616970807,299.37645573952875,9.70860956982068,9.70860956982068,3.351635225724254,3.351635225724254,2022,8,Summer,Q2,0.6928557558178116
274.90292834383746,275.7861554923783,0.8832271485408683,0.8832271485408683,0.3212869189360411,0.3212869189360411,2024,6,Summer,Q1,-1.372859451481064
132.52197440935038,141.9492473677911,9.42727295844071,9.42727295844071,7.1137432116130235,7.1137432116130235,2024,10,Fall,Q2,-0.8343230454915821
218.6880972979157,209.65093915632346,-9.037158141592244,9.037158141592244,-4.132441707278221,4.132441707278221,2021,2,Winter,Q2,-0.23596998721097162
156.90149846175635,167.53700413672692,10.635505674970574,10.635505674970574,6.778460230934573,6.778460230934573,2021,6,Summer,Q3,-0.12373268009975662
6.574929617530235,14.23147040393474,7.656540786404505,7.656540786404505,116.4505360785985,116.4505360785985,2021,1,Winter,Q2,-0.8110008636288448
86.52948305086258,69.10047584902114,-17.429007201841443,17.429007201841443,-20.142275889475222,20.142275889475222,2024,1,Winter,Q4,0.4080528468367557
131.7283488174732,143.2538230271843,11.525474209711092,11.525474209711092,8.749425854932062,8.749425854932062,2022,11,Fall,Q3,0.007178466907941942
206.40433934874815,228.0962598371506,21.691920488402445,21.691920488402445,10.509430449401066,10.509430449401066,2023,3,Spring,Q4,0.3733485597113982
30.331181795485847,28.90627552514128,-1.424906270344568,1.424906270344568,-4.697826414916135,4.697826414916135,2023,3,Spring,Q1,-0.1421465369405461
-1.6535784469365655,3.753522616132374,5.407101063068939,5.407101063068939,-326.99392478694824,326.99392478694824,2020,11,Fall,Q2,-0.06468860503251848
103.78141574961288,96.11018323566357,-7.671232513949306,7.671232513949306,-7.391720818741983,7.391720818741983,2023,5,Spring,Q2,-1.1195461283831687
5.488938066592768,0.7268590456264157,-4.762079020966352,4.762079020966352,-86.7577473673772,86.7577473673772,2023,1,Winter,Q2,2.4851899166788916
80.19952298861224,80.67830040826267,0.4787774196504273,0.4787774196504273,0.5969828769660017,0.5969828769660017,2021,10,Fall,Q1,1.218194711754256
118.44350019927704,119.35915158132697,0.9156513820499299,0.9156513820499299,0.7730701815712795,0.7730701815712795,2021,6,Summer,Q1,0.9331280723410693
22.63461260166254,33.67248934150506,11.037876739842524,11.037876739842524,48.76547672404952,48.76547672404952,2024,7,Summer,Q3,-0.14037505890533644
84.00874585435558,82.75853978945693,-1.2502060648986486,1.2502060648986486,-1.488185607562941,1.488185607562941,2020,10,Fall,Q1,-1.4359095238685275
189.01347102421138,175.79419930271985,-13.219271721491538,13.219271721491538,-6.993825175454418,6.993825175454418,2019,12,Winter,Q3,3.2430929695947333
44.62003260799479,59.22173372898693,14.601701120992146,14.601701120992146,32.72454157367848,32.72454157367848,2020,11,Fall,Q3,-1.6380290574360168
45.39063553635679,45.47159618177981,0.08096064542301917,0.08096064542301917,0.17836420324666236,0.17836420324666236,2020,3,Spring,Q1,-1.1996975283653082
75.34169691485026,59.76586557883108,-15.575831336019178,15.575831336019178,-20.673587102269124,20.673587102269124,2022,4,Spring,Q3,0.7931756882186773
31.023474057821215,23.442112659570725,-7.58136139825049,7.58136139825049,-24.43749975944161,24.43749975944161,2024,10,Fall,Q2,-0.7146806769904318
315.48179469836896,295.8397012531083,-19.642093445260684,19.642093445260684,-6.226062414802864,6.226062414802864,2022,11,Fall,Q4,-2.1770650464428547
82.80774213412958,91.3298770816446,8.522134947515013,8.522134947515013,10.291471217402723,10.291471217402723,2020,10,Fall,Q2,1.2528426344274837
25.58821137609785,53.04973810202084,27.46152672592299,27.46152672592299,107.32100935970468,107.32100935970468,2020,12,Winter,Q4,0.2773584619646759
107.2866009595673,104.27682390023199,-3.009777059335306,3.009777059335306,-2.8053615571897836,2.8053615571897836,2020,10,Fall,Q1,0.2257615231117544
94.62697654940165,89.18841432400437,-5.438562225397277,5.438562225397277,-5.747369749849274,5.747369749849274,2023,10,Fall,Q2,1.0018248536819372
87.78045307726677,67.25412376017664,-20.52632931709013,20.52632931709013,-23.38371311323979,23.38371311323979,2022,10,Fall,Q4,-1.8311448783383502
72.59318034337852,54.77099432277377,-17.822186020604754,17.822186020604754,-24.55077176162096,24.55077176162096,2020,3,Spring,Q4,-1.0425776946705763
49.18108150965808,41.129927164471155,-8.051154345186923,8.051154345186923,-16.370429640929824,16.370429640929824,2021,1,Winter,Q2,0.18106274277108234
17.502386815300497,6.021533602743993,-11.480853212556504,11.480853212556504,-65.59592890793616,65.59592890793616,2024,8,Summer,Q3,0.007880184694728152
187.05230510966044,189.92962698276003,2.8773218730995893,2.8773218730995893,1.5382445415001669,1.5382445415001669,2024,10,Fall,Q1,-1.388542553831211
99.22679135779154,117.5135105275798,18.286719169788256,18.286719169788256,18.429215456388267,18.429215456388267,2021,10,Fall,Q4,0.03471374875256186
122.37374424955908,120.60792598884542,-1.765818260713658,1.765818260713658,-1.44297150630007,1.44297150630007,2024,2,Winter,Q1,-0.856498237409199
74.55733232630865,59.818730371892,-14.738601954416652,14.738601954416652,-19.76814552579682,19.76814552579682,2023,1,Winter,Q3,-0.39767969361460404
42.42964697469985,32.58423392727162,-9.84541304742823,9.84541304742823,-23.204089002434785,23.204089002434785,2023,8,Summer,Q2,-0.6701152004542329
43.000543450016444,30.49343336262597,-12.507110087390473,12.507110087390473,-29.085934929935615,29.085934929935615,2019,7,Summer,Q3,-0.20252422706483003
8.687806260682558,15.104141566383838,6.4163353057012795,6.4163353057012795,73.85449344950263,73.85449344950263,2019,7,Summer,Q2,1.2376537575119981
45.890842322975516,49.87404489325187,3.9832025702763545,3.9832025702763545,8.679732967730123,8.679732967730123,2019,4,Spring,Q1,0.9788895585567792
31.450941275623926,24.199558953904877,-7.251382321719049,7.251382321719049,-23.056169474136656,23.056169474136656,2024,11,Fall,Q2,-0.14994071907910936
249.2663646038087,257.46397552144003,8.197610917631323,8.197610917631323,3.28869517981732,3.28869517981732,2023,9,Fall,Q2,-0.36550593698526584
161.78477528878923,169.52053133778426,7.735756048995029,7.735756048995029,4.781510519260259,4.781510519260259,2023,6,Summer,Q2,-0.4519493719118777
70.40664094352599,65.93690739786422,-4.469733545661768,4.469733545661768,-6.348454472138494,6.348454472138494,2023,2,Winter,Q1,0.31952467078295543
43.76835651963069,32.35478537227708,-11.413571147353615,11.413571147353615,-26.077221204854872,26.077221204854872,2021,1,Winter,Q3,-1.0973683189710666
30.308435298325687,33.30136539826682,2.9929300999411304,2.9929300999411304,9.874907993374595,9.874907993374595,2023,1,Winter,Q1,-1.5327005598899308
65.45427485847222,82.9021167742768,17.447841915804588,17.447841915804588,26.65653535010661,26.65653535010661,2021,9,Fall,Q4,-0.06407776414871663
142.97471490534343,154.01177363098589,11.037058725642453,11.037058725642453,7.719587853663181,7.719587853663181,2019,4,Spring,Q3,0.6928575842374367
24.58773707076253,21.532655797366054,-3.0550812733964747,3.0550812733964747,-12.425223454293791,12.425223454293791,2019,5,Spring,Q1,1.3934545275244314
116.51639150627229,113.64357704828281,-2.8728144579894774,2.8728144579894774,-2.4655882497312223,2.4655882497312223,2024,3,Spring,Q1,1.669069525826331
36.28564345804933,32.66707139321911,-3.618572064830218,3.618572064830218,-9.972462164033919,9.972462164033919,2019,4,Spring,Q1,0.5859042011646491
77.95184610807623,70.13241674913988,-7.819429358936347,7.819429358936347,-10.031102211607806,10.031102211607806,2024,12,Winter,Q2,-1.4990159604584012
68.35125359386234,68.26409521572559,-0.08715837813674909,0.08715837813674909,-0.12751540543007037,0.12751540543007037,2020,8,Summer,Q1,1.855503314794263
67.64271992778953,63.66687925518485,-3.9758406726046758,3.9758406726046758,-5.877706687207427,5.877706687207427,2020,4,Spring,Q1,0.9603047962814704
75.41744763367839,76.0928499761114,0.6754023424330029,0.6754023424330029,0.8955518432731944,0.8955518432731944,2022,9,Fall,Q1,0.8875039674140593
61.436654961224,44.20565271728242,-17.23100224394158,17.23100224394158,-28.04677802659829,28.04677802659829,2024,9,Fall,Q4,-0.3494393272169559
78.61191248587554,57.12678201761302,-21.48513046826252,21.48513046826252,-27.330629403174516,27.330629403174516,2022,6,Summer,Q4,-0.41222074502447015
121.8601640038592,139.69533323955972,17.83516923570052,17.83516923570052,14.63576664408206,14.63576664408206,2022,2,Winter,Q4,0.5152943216244674
90.00312658833461,93.83190571986842,3.828779131533807,3.828779131533807,4.254051249848534,4.254051249848534,2020,12,Winter,Q1,-0.09294420661358828
140.45529179043154,139.96442441732094,-0.49086737311060347,0.49086737311060347,-0.3494830040601173,0.3494830040601173,2024,10,Fall,Q1,0.04930833152022263
48.98866998580135,52.99239066601616,4.003720680214812,4.003720680214812,8.172748272968489,8.172748272968489,2020,11,Fall,Q1,2.01527511046064
152.4151591252113,125.52132025524818,-26.893838869963105,26.893838869963105,-17.645120750665896,17.645120750665896,2022,7,Summer,Q4,0.3556689485632294
10.09587471467259,6.736545543326569,-3.3593291713460207,3.3593291713460207,-33.27427554606856,33.27427554606856,2024,9,Fall,Q1,1.362562852712452
65.68959524138609,77.77017264714125,12.080577405755164,12.080577405755164,18.39039708094304,18.39039708094304,2022,6,Summer,Q3,0.5531491563792091
130.82843663285882,121.88180153944877,-8.946635093410052,8.946635093410052,-6.8384483707596475,6.8384483707596475,2023,3,Spring,Q2,-1.9754877712171375
29.28752817665412,25.22291009396123,-4.064618082692892,4.064618082692892,-13.87832410497827,13.87832410497827,2024,7,Summer,Q1,1.643378155804534
46.33014598881486,41.767252195513535,-4.562893793301328,4.562893793301328,-9.848649720212219,9.848649720212219,2024,5,Spring,Q1,-1.3668583632808264
94.42761183222996,67.3094694502421,-27.11814238198785,27.11814238198785,-28.718445649317914,28.718445649317914,2022,1,Winter,Q4,0.02263085267686914
175.8581950996087,170.59641746328657,-5.261777636322137,5.261777636322137,-2.9920571135975704,2.9920571135975704,2023,3,Spring,Q2,-0.48083378951197936
61.95671244848368,66.51163530659362,4.55492285810994,4.55492285810994,7.351782685205106,7.351782685205106,2021,5,Spring,Q1,-1.8518427315746586
100.82525748777628,130.1544038824278,29.329146394651517,29.329146394651517,29.089086529937486,29.089086529937486,2020,7,Summer,Q4,1.5985381120963413
206.80452389932444,209.28550917147712,2.4809852721526795,2.4809852721526795,1.1996764990307758,1.1996764990307758,2022,3,Spring,Q1,-0.809380821082754
130.13047356191504,110.5409248020072,-19.589548759907842,19.589548759907842,-15.05377504876849,15.05377504876849,2024,6,Summer,Q4,0.20475888240178416
68.19170826945759,69.5592450628004,1.3675367933428078,1.3675367933428078,2.0054297333907884,2.0054297333907884,2020,5,Spring,Q1,0.7007006121205837
74.46686592900838,108.06761440680093,33.60074847779255,33.60074847779255,45.12174382338745,45.12174382338745,2020,1,Winter,Q4,0.46027162498230384
32.94274002880127,40.41817591168797,7.4754358828867,7.4754358828867,22.692210412221495,22.692210412221495,2020,10,Fall,Q2,0.961987189071841
109.44927565838324,94.55894757469136,-14.890328083691884,14.890328083691884,-13.604775357461548,13.604775357461548,2021,6,Summer,Q3,-0.9916966634403105
100.33644499346889,92.14918737503866,-8.187257618430223,8.187257618430223,-8.159804365166764,8.159804365166764,2019,8,Summer,Q2,0.5720062783004729
96.70489277893076,109.3031062265918,12.598213447661038,12.598213447661038,13.027482980060581,13.027482980060581,2022,1,Winter,Q3,-0.3631166611555665
52.59943025064511,61.078701896631344,8.47927164598623,8.47927164598623,16.120462912965174,16.120462912965174,2019,2,Winter,Q2,1.6786746733725662
95.94344439051169,102.10407427704794,6.160629886536256,6.160629886536256,6.42110560619555,6.42110560619555,2019,4,Spring,Q2,1.1395555360254692
63.03911754353663,72.97982412148059,9.940706577943956,9.940706577943956,15.769108079723065,15.769108079723065,2019,12,Winter,Q2,1.2347519140447951
121.96352895223052,152.40863696832426,30.44510801609374,30.44510801609374,24.962468926278923,24.962468926278923,2020,2,Winter,Q4,-1.500221861446936
69.67465289645953,58.220786387161695,-11.45386650929784,11.45386650929784,-16.439072220882007,16.439072220882007,2023,11,Fall,Q3,-0.29424250563645765
28.35392782387823,9.498028473541837,-18.855899350336394,18.855899350336394,-66.5018951429259,66.5018951429259,2020,9,Fall,Q4,1.558789184496894
15.672302751772932,38.449036911244036,22.776734159471104,22.776734159471104,145.33112663928395,145.33112663928395,2020,10,Fall,Q4,-0.4547947173776929
104.57784558050732,85.92005159171259,-18.657793988794722,18.657793988794722,-17.841057907844704,17.841057907844704,2024,8,Summer,Q4,0.30767665340111383
255.66218237376413,257.20753039472237,1.5453480209582438,1.5453480209582438,0.604449201915608,0.604449201915608,2024,8,Summer,Q1,-0.2430611988808665
171.3715933365619,152.99460811404376,-18.37698522251813,18.37698522251813,-10.723472230562162,10.723472230562162,2019,4,Spring,Q4,-0.05592044852221312
4.313322532457869,3.74406598810118,-0.5692565443566893,0.5692565443566893,-13.19763453980124,13.19763453980124,2020,5,Spring,Q1,0.38130961226478466
25.73621015100455,23.7030412686251,-2.0331688823794494,2.0331688823794494,-7.900032174317979,7.900032174317979,2019,4,Spring,Q1,-0.514782674914742
191.69436604761597,186.10784634288277,-5.586519704733206,5.586519704733206,-2.9142847648143926,2.9142847648143926,2024,9,Fall,Q2,0.990166238959289
106.40147063823554,118.25246551526472,11.85099487702918,11.85099487702918,11.137999132852688,11.137999132852688,2023,2,Winter,Q3,0.01282864354368512
362.0484494771286,344.12833731220826,-17.92011216492034,17.92011216492034,-4.949644775664864,4.949644775664864,2022,11,Fall,Q4,-0.29737607924310644
37.229797599507066,54.05050717062883,16.820709571121768,16.820709571121768,45.18077092996197,45.18077092996197,2019,8,Summer,Q3,-0.484173951248737
30.84869868845151,36.87969985620157,6.031001167750059,6.031001167750059,19.55026119143178,19.55026119143178,2023,2,Winter,Q2,1.813407698515423
103.41653200511016,95.55256184046263,-7.863970164647526,7.863970164647526,-7.604171221153442,7.604171221153442,2022,1,Winter,Q2,-0.47875857152168855
55.98068585656308,63.618614463845034,7.637928607281957,7.637928607281957,13.643863933450717,13.643863933450717,2021,10,Fall,Q2,0.3957988487097471
174.50451097134012,162.84154235911598,-11.662968612224148,11.662968612224148,-6.6834768610306154,6.6834768610306154,2019,3,Spring,Q3,1.0973001875437087
83.22390588577767,62.585913288018325,-20.637992597759343,20.637992597759343,-24.798154302063608,24.798154302063608,2019,9,Fall,Q4,-0.9855396007209299
76.68236951422962,61.49417949842207,-15.18819001580755,15.18819001580755,-19.806625841144804,19.806625841144804,2021,12,Winter,Q3,-0.8568518651277993
23.929735936028326,52.97146564120765,29.041729705179325,29.041729705179325,121.36251642231639,121.36251642231639,2021,3,Spring,Q4,0.045491476330752
135.975261103847,134.08755655955665,-1.887704544290358,1.887704544290358,-1.3882705787552638,1.3882705787552638,2019,9,Fall,Q1,-2.391956204313024
54.681094214131576,39.2508550536857,-15.430239160445879,15.430239160445879,-28.21859983273368,28.21859983273368,2021,7,Summer,Q3,1.8688178405438531
85.39920805800354,105.15044076033439,19.751232702330853,19.751232702330853,23.128121620186132,23.128121620186132,2020,10,Fall,Q4,-0.6108576398050658
305.74985957823344,294.8957007698003,-10.854158808433112,10.854158808433112,-3.550012687955402,3.550012687955402,2022,1,Winter,Q3,1.4532754760425446
10.809459565150608,0.7975478405609255,-10.011911724589682,10.011911724589682,-92.62176026697766,92.62176026697766,2022,10,Fall,Q3,0.025210867540082116
209.07036316086106,227.25171153993503,18.181348379073967,18.181348379073967,8.69628200965291,8.69628200965291,2022,5,Spring,Q4,1.0753434019568977
107.90746836204875,95.39397837594633,-12.513489986102414,12.513489986102414,-11.596500386903184,11.596500386903184,2020,9,Fall,Q3,-0.8360621521000247
30.299753214537787,26.209286311588762,-4.090466902949025,4.090466902949025,-13.500000722733358,13.500000722733358,2021,12,Winter,Q1,0.7595148874861078
104.88717371145476,95.13144688063574,-9.755726830819029,9.755726830819029,-9.30116284538002,9.30116284538002,2023,3,Spring,Q2,-1.1212437400943918
137.25984818827868,151.75453397475567,14.494685786476992,14.494685786476992,10.560033380333264,10.560033380333264,2021,9,Fall,Q3,-2.0217986399619474
60.50008939819397,58.2480476526232,-2.2520417455707715,2.2520417455707715,-3.7223775501363123,3.7223775501363123,2019,5,Spring,Q1,2.0931979322099448
76.67886174903404,102.25204006101889,25.573178311984847,25.573178311984847,33.35101451516657,33.35101451516657,2024,9,Fall,Q4,-0.45763324933761523
202.80051138290412,236.95537949589988,34.15486811299576,34.15486811299576,16.841608475290553,16.841608475290553,2022,10,Fall,Q4,-1.4840566649243352
71.20591326162581,69.09348686370956,-2.112426397916252,2.112426397916252,-2.9666446242389224,2.9666446242389224,2021,6,Summer,Q1,-0.9846547848472624
34.04226529953872,17.53330119811907,-16.50896410141965,16.50896410141965,-48.495492165861684,48.495492165861684,2023,9,Fall,Q3,-1.307369782230964
82.41256064737347,78.61850843339727,-3.794052213976201,3.794052213976201,-4.603730528663193,4.603730528663193,2019,7,Summer,Q1,0.04435879751560705
86.0098346680017,86.9615256271639,0.9516909591621925,0.9516909591621925,1.1064908598368122,1.1064908598368122,2020,7,Summer,Q1,-1.1274960989530387
177.1289017483145,179.94191354913758,2.813011800823091,2.813011800823091,1.5881156451927578,1.5881156451927578,2020,8,Summer,Q1,1.220282896417717
51.68289575854013,65.82137663018611,14.138480871645982,14.138480871645982,27.35620878849407,27.35620878849407,2023,7,Summer,Q3,1.6994359830087096
41.01971688536664,44.347630442296236,3.3279135569295946,3.3279135569295946,8.112960814014768,8.112960814014768,2019,12,Winter,Q1,0.4730382821602152
20.781907117157466,14.4566400931908,-6.325267023966667,6.325267023966667,-30.436412732999607,30.436412732999607,2022,9,Fall,Q2,0.9411818664199697
18.890067247783044,25.41840073979247,6.528333492009427,6.528333492009427,34.55960958940259,34.55960958940259,2021,11,Fall,Q2,-0.04737070254443595
47.0203153125671,35.76151250503045,-11.258802807536647,11.258802807536647,-23.94454978171427,23.94454978171427,2019,9,Fall,Q3,-0.24907184465304072
30.540848082786543,27.601222574817502,-2.9396255079690405,2.9396255079690405,-9.625225534014803,9.625225534014803,2020,6,Summer,Q1,0.5914421517518549
67.08802625758725,62.333334990986145,-4.7546912666011,4.7546912666011,-7.087242734411752,7.087242734411752,2023,7,Summer,Q2,-0.5966290586117302
16.19094308394327,2.861001780678869,-13.329941303264402,13.329941303264402,-82.32961621910613,82.32961621910613,2023,2,Winter,Q3,-1.7422216926352752
77.60964052117532,85.51097201100018,7.901331489824855,7.901331489824855,10.180863404036803,10.180863404036803,2021,9,Fall,Q2,-2.3716593608588923
267.61012190096716,257.7194131081629,-9.890708792804276,9.890708792804276,-3.6959397210186506,3.6959397210186506,2023,12,Winter,Q2,-0.6668487169515637
166.34606489599022,172.14321565476985,5.7971507587796225,5.7971507587796225,3.4849942271879755,3.4849942271879755,2023,1,Winter,Q2,0.1458364702153839
66.38085140089929,61.28813414361669,-5.092717257282601,5.092717257282601,-7.671967366802421,7.671967366802421,2019,1,Winter,Q2,0.8396638644311888
372.5953761858764,382.2819464454249,9.686570259548546,9.686570259548546,2.5997558957135887,2.5997558957135887,2022,3,Spring,Q2,0.48730523704499484
65.96364993057223,79.62420727654322,13.660557345970986,13.660557345970986,20.709219942118022,20.709219942118022,2021,12,Winter,Q3,-0.11522423255219759
98.49731707338582,97.11934588865842,-1.3779711847274,1.3779711847274,-1.3989936230453235,1.3989936230453235,2019,6,Summer,Q1,-1.0584406336416528
39.86174171844833,68.13974249876509,28.27800078031676,28.27800078031676,70.94020371726376,70.94020371726376,2022,5,Spring,Q4,-0.35084943007647457
83.80666703780366,88.25067869043689,4.444011652633222,4.444011652633222,5.302694653909347,5.302694653909347,2019,2,Winter,Q1,-0.9005903525360617
39.162033347147045,63.25768843128475,24.095655084137704,24.095655084137704,61.52810011304756,61.52810011304756,2024,9,Fall,Q4,-1.7811584144656334
80.70833976837478,69.01982925367066,-11.68851051470412,11.68851051470412,-14.482407330207792,14.482407330207792,2019,10,Fall,Q3,1.1734422766324448
243.37349488802658,227.62183594639288,-15.751658941633707,15.751658941633707,-6.472216273543209,6.472216273543209,2023,4,Spring,Q3,0.551885971822154
200.6412796550012,213.6005479763133,12.959268321312095,12.959268321312095,6.458924276995893,6.458924276995893,2022,4,Spring,Q3,0.48074457976798396
3.0586340700696324,-3.366060367032812,-6.424694437102445,6.424694437102445,-210.051097644256,210.051097644256,2021,5,Spring,Q2,1.2676515111879738
22.649555102275087,9.162519396962708,-13.48703570531238,13.48703570531238,-59.54658113332055,59.54658113332055,2021,8,Summer,Q3,1.188596823087008
63.02079738493523,49.483759047408476,-13.537038337526752,13.537038337526752,-21.480271433002695,21.480271433002695,2022,10,Fall,Q3,0.8500793324175533
182.17993677246795,178.96317426289335,-3.2167625095746075,3.2167625095746075,-1.7657062388775309,1.7657062388775309,2023,4,Spring,Q1,1.2949855848169558
203.71807144995893,192.70350131653646,-11.014570133422467,11.014570133422467,-5.406771257467001,5.406771257467001,2020,5,Spring,Q3,-1.3944950688592617
146.6647496264016,156.40471930520752,9.73996967880592,9.73996967880592,6.640975219755598,6.640975219755598,2019,12,Winter,Q2,-0.03392522592790888
31.845953460276654,30.599116475426452,-1.2468369848502014,1.2468369848502014,-3.9152132355071583,3.9152132355071583,2023,4,Spring,Q1,0.39542098538803816
40.03863109760003,47.04518219946167,7.006551101861639,7.006551101861639,17.499477154406563,17.499477154406563,2024,6,Summer,Q2,-0.8051717517428763
98.16815445507974,109.1749740618602,11.006819606780454,11.006819606780454,11.212209975707557,11.212209975707557,2022,12,Winter,Q3,-1.58358838978758
75.59817681774074,75.05722594569633,-0.5409508720444052,0.5409508720444052,-0.7155607381228001,0.7155607381228001,2019,3,Spring,Q1,0.6577631761503737
57.46809401772842,52.255138375357305,-5.212955642371114,5.212955642371114,-9.071043213583804,9.071043213583804,2021,8,Summer,Q2,-0.17791787580439816
80.40261157579732,62.949980056472526,-17.452631519324797,17.452631519324797,-21.706548055185763,21.706548055185763,2020,6,Summer,Q4,-0.4877053729487446
202.61562380817088,198.63829089868756,-3.977332909483323,3.977332909483323,-1.962994183138077,1.962994183138077,2024,10,Fall,Q1,-1.387868550455802
134.34110097307592,124.71214294865266,-9.62895802442327,9.62895802442327,-7.167544373745355,7.167544373745355,2021,5,Spring,Q2,0.5008315910042116
87.84597618540961,78.04672858666655,-9.799247598743065,9.799247598743065,-11.155032961396618,11.155032961396618,2022,2,Winter,Q2,-0.2188662517356257
134.37518082986495,94.06216534441054,-40.3130154854544,40.3130154854544,-30.000343245301753,30.000343245301753,2019,10,Fall,Q4,0.370211889941741
-6.636323011195117,20.51416303789357,27.150486049088688,27.150486049088688,-409.11941753418705,409.11941753418705,2022,10,Fall,Q4,1.3931812579349059
29.550369782843717,39.86937778540138,10.319008002557666,10.319008002557666,34.92006387192031,34.92006387192031,2019,7,Summer,Q3,-1.0056013756894657
193.8835807169269,171.7727399296057,-22.110840787321195,22.110840787321195,-11.404184256119848,11.404184256119848,2023,2,Winter,Q4,-0.8963326585920618
20.348344809364832,25.628540932166942,5.28019612280211,5.28019612280211,25.94902028774364,25.94902028774364,2020,1,Winter,Q2,1.4521176991825604
142.93006926140313,129.64302219737735,-13.287047064025785,13.287047064025785,-9.296187382184263,9.296187382184263,2023,7,Summer,Q3,-0.7493576894227776
23.962173769901526,20.51203091345898,-3.4501428564425467,3.4501428564425467,-14.398288275399338,14.398288275399338,2023,5,Spring,Q1,0.2094700836477726
271.8948511970028,240.31681517888265,-31.578036018120173,31.578036018120173,-11.614061788628776,11.614061788628776,2022,1,Winter,Q4,1.0215153927818639
38.43341402447312,55.129230430428805,16.695816405955682,16.695816405955682,43.440888169144536,43.440888169144536,2020,4,Spring,Q3,0.5457867135323555
124.8961449324487,106.56913664466651,-18.327008287782192,18.327008287782192,-14.673798216665961,14.673798216665961,2019,12,Winter,Q4,0.4217800742508709
120.78678565136084,94.54306607227336,-26.243719579087482,26.243719579087482,-21.727310183447877,21.727310183447877,2019,4,Spring,Q4,-1.092141593428733
83.2377284529672,98.4540116104872,15.216283157519996,15.216283157519996,18.280512263279544,18.280512263279544,2024,10,Fall,Q3,0.06783851391693768
122.38972818978509,110.64667453606489,-11.743053653720196,11.743053653720196,-9.594803279169547,9.594803279169547,2021,7,Summer,Q3,1.146027575013415
-10.675989244769095,3.8064805426667405,14.482469787435836,14.482469787435836,-135.65459326901998,135.65459326901998,2024,9,Fall,Q3,-0.8873294588557712
86.4113513828189,85.95892779479203,-0.45242358802687477,0.45242358802687477,-0.5235696245769277,0.5235696245769277,2024,2,Winter,Q1,1.0960699074773985
61.120795060296764,64.96961401302937,3.848818952732607,3.848818952732607,6.29706951445196,6.29706951445196,2019,12,Winter,Q1,-0.6792306531929551
14.691983534169516,50.733292557664825,36.04130902349531,36.04130902349531,245.31275126788108,245.31275126788108,2022,1,Winter,Q4,0.8139808601977412
49.74904130293304,43.38552740725456,-6.36351389567848,6.36351389567848,-12.79122919561328,12.79122919561328,2023,2,Winter,Q2,-1.3927354721669964
105.85610008185255,103.70601256775909,-2.1500875140934568,2.1500875140934568,-2.031141816514037,2.031141816514037,2023,7,Summer,Q1,0.04556388114189831
48.49502673507037,26.308842133983962,-22.186184601086406,22.186184601086406,-45.749401732037654,45.749401732037654,2023,10,Fall,Q4,0.24608361531640882
162.13829242519296,152.97113760544983,-9.167154819743132,9.167154819743132,-5.653911042619778,5.653911042619778,2020,6,Summer,Q2,0.718417423471641
173.63394367600424,139.2706848148228,-34.363258861181436,34.363258861181436,-19.79063432741138,19.79063432741138,2019,4,Spring,Q4,0.6523061516102304
91.26768182523682,89.66204609405611,-1.605635731180712,1.605635731180712,-1.7592599034730063,1.7592599034730063,2022,1,Winter,Q1,0.6927690318488605
171.00197684426595,172.58492762430058,1.582950780034622,1.582950780034622,0.9256915090965521,0.9256915090965521,2020,1,Winter,Q1,1.471034690817104
9.584448624000228,12.349798384756664,2.765349760756436,2.765349760756436,28.852465793721077,28.852465793721077,2021,5,Spring,Q1,-1.443604262169765
20.939587798438094,27.5334184639147,6.593830665476606,6.593830665476606,31.48978255421268,31.48978255421268,2022,1,Winter,Q2,-0.1908722195531798
88.28147338186159,121.39773712760012,33.116263745738536,33.116263745738536,37.512133041203455,37.512133041203455,2024,12,Winter,Q4,-0.9928660010855455
37.565517552974114,40.868436958093476,3.3029194051193613,3.3029194051193613,8.792423531664785,8.792423531664785,2022,7,Summer,Q1,1.4069347458917507
23.386471184801717,54.4042920813416,31.017820896539885,31.017820896539885,132.6314716377458,132.6314716377458,2022,11,Fall,Q4,0.4096361186839937
23.914086061078798,17.133585892292267,-6.780500168786531,6.780500168786531,-28.353582702130048,28.353582702130048,2023,1,Winter,Q2,0.7228268949855121
27.94215413489189,46.543058521950655,18.600904387058765,18.600904387058765,66.569328539461,66.569328539461,2022,1,Winter,Q4,-0.0809173376626882
163.79560325710727,177.21059260343358,13.414989346326308,13.414989346326308,8.190079025057235,8.190079025057235,2024,2,Winter,Q3,-1.1889634195349619
115.3599092757613,125.40106219824958,10.04115292248828,10.04115292248828,8.704196271934885,8.704196271934885,2024,11,Fall,Q3,-0.7908817916945654
87.69766240084165,90.77168796804033,3.0740255671986745,3.0740255671986745,3.505253712633933,3.505253712633933,2019,12,Winter,Q1,0.00161903135694112
49.16458766885443,49.06156384476888,-0.10302382408555388,0.10302382408555388,-0.20954884190113746,0.20954884190113746,2022,10,Fall,Q1,-0.8682609615983323
95.84781059465345,79.5806168485574,-16.267193746096055,16.267193746096055,-16.97189914424969,16.97189914424969,2023,3,Spring,Q3,-0.5347566708443231
169.5167835499639,178.1797349525772,8.662951402613317,8.662951402613317,5.11037976370049,5.11037976370049,2022,11,Fall,Q2,-1.2699985973938759
42.52213390614189,35.319941862806346,-7.202192043335543,7.202192043335543,-16.937513200143655,16.937513200143655,2021,1,Winter,Q2,-1.183056184734389
135.18887143774577,94.22586293939226,-40.96300849835352,40.96300849835352,-30.30057730544552,30.30057730544552,2021,9,Fall,Q4,0.6455877121741934
264.03098314146104,258.3707226000126,-5.6602605414484515,5.6602605414484515,-2.1437864882758206,2.1437864882758206,2023,10,Fall,Q2,-1.0952705188428047
136.87323647395405,139.58058330792855,2.7073468339744977,2.7073468339744977,1.9779957745718137,1.9779957745718137,2019,8,Summer,Q1,2.7552177437199017
38.1050796233755,49.792354402299964,11.687274778924461,11.687274778924461,30.67117270043682,30.67117270043682,2019,5,Spring,Q3,-0.2656045602861052
129.32080657749557,132.2357797588005,2.91497318130493,2.91497318130493,2.2540635636680246,2.2540635636680246,2024,11,Fall,Q1,0.4861847915619389
28.8711559108648,42.16446106500589,13.293305154141088,13.293305154141088,46.04355016190588,46.04355016190588,2024,2,Winter,Q3,-1.395448504755072
79.64894208153949,75.6190206812829,-4.029921400256583,4.029921400256583,-5.05960442780396,5.05960442780396,2020,5,Spring,Q1,1.4273053642892164
125.21012068933194,123.65695860974105,-1.5531620795908907,1.5531620795908907,-1.240444519213072,1.240444519213072,2023,6,Summer,Q1,0.30734561670797006
83.22664903942061,115.65993735318752,32.43328831376691,32.43328831376691,38.96983560927073,38.96983560927073,2022,1,Winter,Q4,-0.15830547800966377
103.75102889966138,104.02939898615239,0.2783700864910088,0.2783700864910088,0.2683058562823731,0.2683058562823731,2023,11,Fall,Q1,0.08450514569286258
166.36685112744385,150.22465643784366,-16.14219468960019,16.14219468960019,-9.702771062989347,9.702771062989347,2020,4,Spring,Q3,0.587855888137735
106.92245614216762,112.90913392520886,5.9866777830412445,5.9866777830412445,5.599083671517198,5.599083671517198,2024,9,Fall,Q2,1.3508523306990055
94.53842716626565,104.33187875243908,9.793451586173433,9.793451586173433,10.359228389689195,10.359228389689195,2023,2,Winter,Q2,1.1663705456692521
81.88333424804321,102.54884584479599,20.66551159675278,20.66551159675278,25.237750497741402,25.237750497741402,2023,5,Spring,Q4,-2.624817056374112
3.8872038466579646,31.757084471024033,27.86988062436607,27.86988062436607,716.9647315596089,716.9647315596089,2024,1,Winter,Q4,0.8707466445884032
165.92126815426022,153.4510291483114,-12.470239005948827,12.470239005948827,-7.515756807231611,7.515756807231611,2020,4,Spring,Q3,-0.6870140996994973
71.61857703685419,74.34075198054214,2.7221749436879463,2.7221749436879463,3.800934137922264,3.800934137922264,2024,4,Spring,Q1,0.14693529838668778
118.21637163398964,106.6360482039383,-11.580323430051337,11.580323430051337,-9.79587113864841,9.79587113864841,2019,6,Summer,Q3,-0.6080061429373236
185.65969127868053,162.68983510998848,-22.969856168692047,22.969856168692047,-12.372021094343863,12.372021094343863,2022,10,Fall,Q4,0.993782214530439
70.91574218176049,57.09702690810532,-13.818715273655172,13.818715273655172,-19.48610399964106,19.48610399964106,2024,9,Fall,Q3,-0.7717719573928751
42.24710522630203,50.38269004788397,8.135584821581936,8.135584821581936,19.257141472776972,19.257141472776972,2020,3,Spring,Q2,-0.5694497744921104
72.50123213338658,70.32821716352325,-2.173014969863331,2.173014969863331,-2.9972110899652766,2.9972110899652766,2021,9,Fall,Q1,0.6709112482768751
171.46804048869424,180.689633466048,9.221592977353765,9.221592977353765,5.378024354317965,5.378024354317965,2019,6,Summer,Q2,0.6445184916452914
17.608866176182786,28.233193115207733,10.624326939024947,10.624326939024947,60.335099561351015,60.335099561351015,2021,7,Summer,Q3,-0.5182526388612024
225.29101426944874,220.1487868334094,-5.142227436039349,5.142227436039349,-2.2824822608722553,2.2824822608722553,2024,12,Winter,Q2,1.0626572907875265
77.30460276853128,89.78901101530387,12.484408246772588,12.484408246772588,16.14963119874496,16.14963119874496,2019,10,Fall,Q3,0.5873916998060122
68.02342618724029,101.1607004735708,33.13727428633051,33.13727428633051,48.71450343462167,48.71450343462167,2022,2,Winter,Q4,-1.2905614219462187
136.000737975891,149.32295641180167,13.322218435910656,13.322218435910656,9.795695695616224,9.795695695616224,2024,11,Fall,Q3,-0.4597646158304763
80.04585660616006,84.64907383647065,4.603217230310591,4.603217230310591,5.750725178642592,5.750725178642592,2022,10,Fall,Q2,0.5872624134641767
191.91441318592425,169.09343571844542,-22.820977467478826,22.820977467478826,-11.891226452788699,11.891226452788699,2023,6,Summer,Q4,-0.7397711639729673
39.772112431771305,47.13617417984179,7.364061748070483,7.364061748070483,18.515641482969915,18.515641482969915,2021,6,Summer,Q2,0.7899197221808523
222.12948186884688,214.45062050340775,-7.678861365439133,7.678861365439133,-3.4569303006671595,3.4569303006671595,2019,2,Winter,Q2,-0.05152292852464606
48.95340276893044,51.478026278361476,2.524623509431038,2.524623509431038,5.157197184734534,5.157197184734534,2022,2,Winter,Q1,-0.6556877194614437
235.3110405803214,216.91496342226563,-18.39607715805576,18.39607715805576,-7.8177705188365,7.8177705188365,2020,2,Winter,Q4,1.5287478505409084
69.11571936758125,51.75927358562187,-17.35644578195938,17.35644578195938,-25.1121538497658,25.1121538497658,2022,10,Fall,Q4,1.3784696274615047
68.73513672987988,51.0925101512811,-17.642626578598787,17.642626578598787,-25.66755144160403,25.66755144160403,2020,12,Winter,Q4,0.2867741123825862
16.98357190864304,42.99332484990333,26.00975294126029,26.00975294126029,153.14654114676415,153.14654114676415,2024,1,Winter,Q4,0.19259691873130513
51.04429743037146,47.94343672169654,-3.100860708674915,3.100860708674915,-6.074842567682981,6.074842567682981,2019,5,Spring,Q1,-0.6573725539947244
115.38532400447193,104.0012450026427,-11.384079001829221,11.384079001829221,-9.866141209941063,9.866141209941063,2022,8,Summer,Q3,-0.42375968202270325
94.66788499461403,88.94480655577406,-5.723078438839963,5.723078438839963,-6.045427590534602,6.045427590534602,2022,2,Winter,Q2,1.0484826510505925
171.84661215320986,162.2976672658824,-9.548944887327451,9.548944887327451,-5.556667523252707,5.556667523252707,2019,5,Spring,Q2,0.008783654898147817
69.85973439046414,68.98446932618198,-0.8752650642821607,0.8752650642821607,-1.2528891956417665,1.2528891956417665,2022,12,Winter,Q1,0.15532499919940146
109.2572119141471,120.42897501504501,11.171763100897905,11.171763100897905,10.225195120004098,10.225195120004098,2020,8,Summer,Q3,2.2770864980533045
64.01862506530789,89.47508584010167,25.456460774793783,25.456460774793783,39.764147931675595,39.764147931675595,2022,10,Fall,Q4,-1.2361357960304624
97.94007552036351,107.62361695009064,9.683541429727129,9.683541429727129,9.887210499152358,9.887210499152358,2021,5,Spring,Q2,2.185094895036112
100.82361382844135,60.65196572386546,-40.171648104575894,40.171648104575894,-39.843491598040565,39.843491598040565,2024,2,Winter,Q4,-0.17038576538819597
43.09089318698011,50.375660828340195,7.284767641360084,7.284767641360084,16.905585154037077,16.905585154037077,2023,3,Spring,Q2,1.1218615047942522
27.98534943786407,57.37620282922523,29.39085339136116,29.39085339136116,105.02228480876299,105.02228480876299,2020,6,Summer,Q4,-1.2165808041357096
204.6696850002868,193.67994458935055,-10.989740410936236,10.989740410936236,-5.369500818316516,5.369500818316516,2021,11,Fall,Q3,-0.30518884548075176
225.30160921529142,212.46970908505176,-12.83190013023966,12.83190013023966,-5.695432080992322,5.695432080992322,2024,11,Fall,Q3,0.03139586553277644
69.22104343290718,49.91117758062507,-19.30986585228211,19.30986585228211,-27.895947380507614,27.895947380507614,2019,5,Spring,Q4,0.6095260452086012
55.677463203387006,48.6127856477853,-7.064677555601705,7.064677555601705,-12.688576578632524,12.688576578632524,2020,11,Fall,Q2,0.3344385148485215
143.761417182113,131.07739446510874,-12.684022717004268,12.684022717004268,-8.822967222795597,8.822967222795597,2023,4,Spring,Q3,0.9562950020913461
264.6874136216753,237.08415659904549,-27.603257022629833,27.603257022629833,-10.428624710536443,10.428624710536443,2024,4,Spring,Q4,-1.8207602778020162
242.17147710920398,253.3535794901357,11.182102380931724,11.182102380931724,4.617431629196078,4.617431629196078,2023,5,Spring,Q3,0.8891538247878059
36.63711271607454,50.79487329743031,14.157760581355767,14.157760581355767,38.64322139976944,38.64322139976944,2019,2,Winter,Q3,0.2483251425158822
33.12380731691928,49.54260541021321,16.41879809329393,16.41879809329393,49.56796764394709,49.56796764394709,2019,9,Fall,Q3,-1.0736886589177526
89.25375192088943,93.24029571829918,3.9865437974097517,3.9865437974097517,4.46652797402091,4.46652797402091,2020,2,Winter,Q1,-0.13418021067692457
128.03239469188594,106.5310583945084,-21.501336297377534,21.501336297377534,-16.79366878134334,16.79366878134334,2022,10,Fall,Q4,-1.3805987058996512
60.74477585264369,52.82375033645017,-7.921025516193524,7.921025516193524,-13.039846480639849,13.039846480639849,2019,2,Winter,Q2,-0.2737292521667607
69.63098863386112,62.30060934322285,-7.33037929063827,7.33037929063827,-10.527466914455887,10.527466914455887,2024,10,Fall,Q2,0.392634115650968
41.99301574221346,69.28263467218432,27.289618929970857,27.289618929970857,64.98608982383224,64.98608982383224,2022,9,Fall,Q4,-0.6923507742337942
